--liquibase formatted sql

--changeset test-data:1
--comment: Insert test data with UUID keys

-- Категории
INSERT INTO categories (category_id, name, description, parent_category_id) VALUES
                                                                                ('11111111-1111-1111-1111-111111111111', 'Электроника', 'Товары, работающие на электричестве', NULL),
                                                                                ('22222222-2222-2222-2222-222222222222', 'Смартфоны', 'Мобильные телефоны и аксессуары', '11111111-1111-1111-1111-111111111111'),
                                                                                ('33333333-3333-3333-3333-333333333333', 'Ноутбуки', 'Портативные компьютеры', '11111111-1111-1111-1111-111111111111'),
                                                                                ('44444444-4444-4444-4444-444444444444', 'Бытовая техника', 'Техника для дома', '11111111-1111-1111-1111-111111111111'),
                                                                                ('55555555-5555-5555-5555-555555555555', 'Аудиотехника', 'Наушники, колонки, плееры', '11111111-1111-1111-1111-111111111111'),
                                                                                ('66666666-6666-6666-6666-666666666666', 'Планшеты', 'Компактные компьютеры', '11111111-1111-1111-1111-111111111111'),
                                                                                ('77777777-7777-7777-7777-777777777777', 'Игровые консоли', 'PlayStation, Xbox, Nintendo', '11111111-1111-1111-1111-111111111111'),
                                                                                ('88888888-8888-8888-8888-888888888888', 'Фототехника', 'Камеры и объективы', '11111111-1111-1111-1111-111111111111'),
                                                                                ('99999999-9999-9999-9999-999999999999', 'Умный дом', 'Умные колонки, лампочки, датчики', '11111111-1111-1111-1111-111111111111');

-- Поставщики
INSERT INTO suppliers (supplier_id, name, contact_name, phone, email, address) VALUES
                                                                                   ('aaaaaaaa-aaaa-aaaa-aaaa-aaaaaaaaaaaa', 'ООО "Электроника-Юг"', 'Петров Иван Иванович', '8-800-555-35-35', 'info@electronicsouth.ru', 'г. Краснодар, ул. Северная, 123'),
                                                                                   ('bbbbbbbb-bbbb-bbbb-bbbb-bbbbbbbbbbbb', 'ИП Смирнов А.В.', 'Смирнов Алексей Владимирович', '8-495-123-45-67', 'smirnov@tech.ru', 'г. Москва, ул. Тверская, 45'),
                                                                                   ('cccccccc-cccc-cccc-cccc-cccccccccccc', 'ООО "ТехноПоставка"', 'Козлова Елена Петровна', '8-812-555-55-55', 'sales@techno.ru', 'г. Санкт-Петербург, пр. Невский, 100'),
                                                                                   ('dddddddd-dddd-dddd-dddd-dddddddddddd', 'ООО "Альфа-Трейд"', 'Соколов Дмитрий Николаевич', '8-499-123-45-67', 'alfa@trade.ru', 'г. Москва, ул. Ленина, 1'),
                                                                                   ('eeeeeeee-eeee-eeee-eeee-eeeeeeeeeeee', 'ООО "Глобал Тех"', 'Морозова Анна Сергеевна', '8-383-123-45-67', 'global@tech.ru', 'г. Новосибирск, пр. Дзержинского, 10');

-- Товары
INSERT INTO products (product_id, supplier_id, name, description, price, stock_quantity, category_id, manufacturer, warranty_period, image_path) VALUES
                                                                                                                                                     ('11111111-aaaa-1111-aaaa-111111111111', 'aaaaaaaa-aaaa-aaaa-aaaa-aaaaaaaaaaaa', 'Смартфон iPhone 15 Pro', '256 ГБ, титановый корпус, A17 Pro', 119999.00, 15, '22222222-2222-2222-2222-222222222222', 'Apple', 12, '/images/iphone15-pro.jpg'),
                                                                                                                                                     ('22222222-bbbb-2222-bbbb-222222222222', 'aaaaaaaa-aaaa-aaaa-aaaa-aaaaaaaaaaaa', 'Смартфон iPhone 15', '128 ГБ, розовый', 89999.00, 8, '22222222-2222-2222-2222-222222222222', 'Apple', 12, '/images/iphone15.jpg'),
                                                                                                                                                     ('33333333-cccc-3333-cccc-333333333333', 'bbbbbbbb-bbbb-bbbb-bbbb-bbbbbbbbbbbb', 'Смартфон Samsung Galaxy S24', '256 ГБ, черный, Snapdragon', 109999.00, 12, '22222222-2222-2222-2222-222222222222', 'Samsung', 12, '/images/samsung-s24.jpg'),
                                                                                                                                                     ('44444444-dddd-4444-dddd-444444444444', 'bbbbbbbb-bbbb-bbbb-bbbb-bbbbbbbbbbbb', 'Смартфон Samsung Galaxy A54', '128 ГБ, зеленый', 39999.00, 25, '22222222-2222-2222-2222-222222222222', 'Samsung', 12, '/images/samsung-a54.jpg'),
                                                                                                                                                     ('55555555-eeee-5555-eeee-555555555555', 'cccccccc-cccc-cccc-cccc-cccccccccccc', 'Смартфон Xiaomi Redmi Note 13', '8/256 ГБ, синий', 28999.00, 50, '22222222-2222-2222-2222-222222222222', 'Xiaomi', 12, '/images/xiaomi-note13.jpg'),
                                                                                                                                                     ('66666666-ffff-6666-ffff-666666666666', 'cccccccc-cccc-cccc-cccc-cccccccccccc', 'Смартфон Xiaomi 14 Ultra', '16/512 ГБ, черный', 89999.00, 7, '22222222-2222-2222-2222-222222222222', 'Xiaomi', 12, '/images/xiaomi-14ultra.jpg'),
                                                                                                                                                     ('77777777-aaaa-7777-aaaa-777777777777', 'dddddddd-dddd-dddd-dddd-dddddddddddd', 'Ноутбук Irbis NB261', '4 ГБ RAM, 64 ГБ eMMC', 17999.00, 50, '33333333-3333-3333-3333-333333333333', 'Irbis', 6, '/images/irbis-nb261.jpg'),
                                                                                                                                                     ('88888888-bbbb-8888-bbbb-888888888888', 'dddddddd-dddd-dddd-dddd-dddddddddddd', 'Ноутбук Irbis NB275', '8 ГБ RAM, 256 ГБ SSD', 24999.00, 30, '33333333-3333-3333-3333-333333333333', 'Irbis', 6, '/images/irbis-nb275.jpg'),
                                                                                                                                                     ('99999999-cccc-9999-cccc-999999999999', 'eeeeeeee-eeee-eeee-eeee-eeeeeeeeeeee', 'Ноутбук Asus TUF Gaming F15', '16 ГБ RAM, 512 ГБ SSD, RTX 3050', 89999.00, 10, '33333333-3333-3333-3333-333333333333', 'Asus', 12, '/images/asus-tuf.jpg'),
                                                                                                                                                     ('aaaaaaaa-dddd-aaaa-dddd-aaaaaaaaaaaa', 'eeeeeeee-eeee-eeee-eeee-eeeeeeeeeeee', 'Ноутбук MSI Katana 15', '16 ГБ RAM, 1 ТБ SSD, RTX 4060', 129999.00, 5, '33333333-3333-3333-3333-333333333333', 'MSI', 12, '/images/msi-katana.jpg'),
                                                                                                                                                     ('bbbbbbbb-eeee-bbbb-eeee-bbbbbbbbbbbb', 'aaaaaaaa-aaaa-aaaa-aaaa-aaaaaaaaaaaa', 'Планшет iPad Pro 13"', 'M4, 256 ГБ, серебристый', 149999.00, 8, '66666666-6666-6666-6666-666666666666', 'Apple', 12, '/images/ipad-pro.jpg'),
                                                                                                                                                     ('cccccccc-ffff-cccc-ffff-cccccccccccc', 'aaaaaaaa-aaaa-aaaa-aaaa-aaaaaaaaaaaa', 'Планшет iPad Air 11"', 'M2, 128 ГБ, синий', 79999.00, 15, '66666666-6666-6666-6666-666666666666', 'Apple', 12, '/images/ipad-air.jpg'),
                                                                                                                                                     ('dddddddd-aaaa-dddd-aaaa-dddddddddddd', 'bbbbbbbb-bbbb-bbbb-bbbb-bbbbbbbbbbbb', 'Планшет Samsung Tab S9', '12 ГБ RAM, 256 ГБ, бежевый', 89999.00, 12, '66666666-6666-6666-6666-666666666666', 'Samsung', 12, '/images/samsung-tab.jpg'),
                                                                                                                                                     ('eeeeeeee-bbbb-eeee-bbbb-eeeeeeeeeeee', 'cccccccc-cccc-cccc-cccc-cccccccccccc', 'PlayStation 5 Slim', '1 ТБ, две игры в комплекте', 59999.00, 7, '77777777-7777-7777-7777-777777777777', 'Sony', 12, '/images/ps5.jpg'),
                                                                                                                                                     ('ffffffff-cccc-ffff-cccc-ffffffffffff', 'cccccccc-cccc-cccc-cccc-cccccccccccc', 'Xbox Series X', '1 ТБ, черный', 54999.00, 5, '77777777-7777-7777-7777-777777777777', 'Microsoft', 12, '/images/xbox.jpg'),
                                                                                                                                                     ('12121212-dddd-1212-dddd-121212121212', 'dddddddd-dddd-dddd-dddd-dddddddddddd', 'Наушники Sony WH-1000XM5', 'беспроводные, шумоподавление', 32999.00, 20, '55555555-5555-5555-5555-555555555555', 'Sony', 12, '/images/sony-xm5.jpg'),
                                                                                                                                                     ('13131313-eeee-1313-eeee-131313131313', 'dddddddd-dddd-dddd-dddd-dddddddddddd', 'Наушники AirPods Pro 2', 'USB-C, беспроводная зарядка', 24999.00, 25, '55555555-5555-5555-5555-555555555555', 'Apple', 12, '/images/airpods-pro.jpg'),
                                                                                                                                                     ('14141414-ffff-1414-ffff-141414141414', 'eeeeeeee-eeee-eeee-eeee-eeeeeeeeeeee', 'Умная колонка Яндекс Станция 2', 'с Алисой, черный', 15999.00, 30, '99999999-9999-9999-9999-999999999999', 'Яндекс', 6, '/images/yandex-station.jpg'),
                                                                                                                                                     ('15151515-aaaa-1515-aaaa-151515151515', 'eeeeeeee-eeee-eeee-eeee-eeeeeeeeeeee', 'Умная колонка SberBoom', 'Салют, красный', 12999.00, 15, '99999999-9999-9999-9999-999999999999', 'Sber', 6, '/images/sberboom.jpg'),
                                                                                                                                                     ('16161616-bbbb-1616-bbbb-161616161616', 'aaaaaaaa-aaaa-aaaa-aaaa-aaaaaaaaaaaa', 'Зеркальный фотоаппарат Canon EOS 2000D', 'Kit 18-55 мм', 45999.00, 5, '88888888-8888-8888-8888-888888888888', 'Canon', 12, '/images/canon.jpg'),
                                                                                                                                                     ('17171717-cccc-1717-cccc-171717171717', 'aaaaaaaa-aaaa-aaaa-aaaa-aaaaaaaaaaaa', 'Холодильник LG GA-B459', 'No Frost, 350 л, серебро', 59999.00, 4, '44444444-4444-4444-4444-444444444444', 'LG', 24, '/images/fridge-lg.jpg'),
                                                                                                                                                     ('18181818-dddd-1818-dddd-181818181818', 'bbbbbbbb-bbbb-bbbb-bbbb-bbbbbbbbbbbb', 'Стиральная машина Samsung WW90', '9 кг, белый', 45999.00, 6, '44444444-4444-4444-4444-444444444444', 'Samsung', 24, '/images/washer.jpg'),
                                                                                                                                                     ('19191919-eeee-1919-eeee-191919191919', 'cccccccc-cccc-cccc-cccc-cccccccccccc', 'Микроволновка LG MS-2042', '20 л, белый', 7999.00, 20, '44444444-4444-4444-4444-444444444444', 'LG', 12, '/images/microwave.jpg'),
                                                                                                                                                     ('20202020-ffff-2020-ffff-202020202020', 'dddddddd-dddd-dddd-dddd-dddddddddddd', 'Пылесос Dyson V15 Detect', 'беспроводной, желтый', 59999.00, 7, '44444444-4444-4444-4444-444444444444', 'Dyson', 24, '/images/dyson.jpg');

-- Клиенты
INSERT INTO customers (customer_id, first_name, last_name, email, phone, address, discount, money_spent) VALUES
                                                                                                             ('aaaaaaaa-1111-aaaa-1111-aaaaaaaa1111', 'Иван', 'Петров', 'ivan.petrov@email.ru', '+7 (901) 123-45-67', 'г. Москва, ул. Ленина, д. 1, кв. 1', 5, 150000.00),
                                                                                                             ('bbbbbbbb-2222-bbbb-2222-bbbbbbbb2222', 'Мария', 'Иванова', 'maria.ivanova@email.ru', '+7 (902) 234-56-78', 'г. Москва, ул. Пушкина, д. 2, кв. 2', 10, 250000.00),
                                                                                                             ('cccccccc-3333-cccc-3333-cccccccc3333', 'Алексей', 'Смирнов', 'alexey.smirnov@email.ru', '+7 (903) 345-67-89', 'г. Санкт-Петербург, пр. Невский, д. 3, кв. 3', 0, 50000.00),
                                                                                                             ('dddddddd-4444-dddd-4444-dddddddd4444', 'Елена', 'Козлова', 'elena.kozlova@email.ru', '+7 (904) 456-78-90', 'г. Санкт-Петербург, ул. Садовая, д. 4, кв. 4', 15, 350000.00),
                                                                                                             ('eeeeeeee-5555-eeee-5555-eeeeeeee5555', 'Дмитрий', 'Морозов', 'dmitry.morozov@email.ru', '+7 (905) 567-89-01', 'г. Казань, ул. Баумана, д. 5, кв. 5', 0, 75000.00),
                                                                                                             ('ffffffff-6666-ffff-6666-ffffffff6666', 'Анна', 'Волкова', 'anna.volkova@email.ru', '+7 (906) 678-90-12', 'г. Казань, пр. Победы, д. 6, кв. 6', 5, 125000.00),
                                                                                                             ('12121212-7777-1212-7777-121212127777', 'Сергей', 'Соколов', 'sergey.sokolov@email.ru', '+7 (907) 789-01-23', 'г. Екатеринбург, ул. Малышева, д. 7, кв. 7', 20, 450000.00),
                                                                                                             ('13131313-8888-1313-8888-131313138888', 'Ольга', 'Михайлова', 'olga.mikhailova@email.ru', '+7 (908) 890-12-34', 'г. Екатеринбург, пр. Ленина, д. 8, кв. 8', 0, 25000.00),
                                                                                                             ('14141414-9999-1414-9999-141414149999', 'Павел', 'Федоров', 'pavel.fedorov@email.ru', '+7 (909) 901-23-45', 'г. Новосибирск, ул. Красный проспект, д. 9, кв. 9', 5, 180000.00),
                                                                                                             ('15151515-0000-1515-0000-151515150000', 'Татьяна', 'Павлова', 'tatiana.pavlova@email.ru', '+7 (910) 012-34-56', 'г. Новосибирск, ул. Советская, д. 10, кв. 10', 0, 90000.00);

-- Заказы
INSERT INTO orders (order_id, customer_id, total_price, status, shipping_address) VALUES
                                                                                      ('aaaaaaaa-1111-2222-3333-aaaaaaaaaaaa', 'aaaaaaaa-1111-aaaa-1111-aaaaaaaa1111', 119999.00, 'COMPLETED', 'г. Москва, ул. Ленина, д. 1, кв. 1'),
                                                                                      ('bbbbbbbb-1111-2222-3333-bbbbbbbbbbbb', 'aaaaaaaa-1111-aaaa-1111-aaaaaaaa1111', 32999.00, 'IN_PROGRESS', 'г. Москва, ул. Ленина, д. 1, кв. 1'),
                                                                                      ('cccccccc-1111-2222-3333-cccccccccccc', 'bbbbbbbb-2222-bbbb-2222-bbbbbbbb2222', 179999.00, 'COMPLETED', 'г. Москва, ул. Пушкина, д. 2, кв. 2'),
                                                                                      ('dddddddd-1111-2222-3333-dddddddddddd', 'bbbbbbbb-2222-bbbb-2222-bbbbbbbb2222', 45999.00, 'COMPLETED', 'г. Москва, ул. Пушкина, д. 2, кв. 2'),
                                                                                      ('eeeeeeee-1111-2222-3333-eeeeeeeeeeee', 'cccccccc-3333-cccc-3333-cccccccc3333', 89999.00, 'IN_PROGRESS', 'г. Санкт-Петербург, пр. Невский, д. 3, кв. 3'),
                                                                                      ('ffffffff-1111-2222-3333-ffffffffffff', 'dddddddd-4444-dddd-4444-dddddddd4444', 149999.00, 'COMPLETED', 'г. Санкт-Петербург, ул. Садовая, д. 4, кв. 4'),
                                                                                      ('12121212-1111-2222-3333-121212121212', 'dddddddd-4444-dddd-4444-dddddddd4444', 7999.00, 'COMPLETED', 'г. Санкт-Петербург, ул. Садовая, д. 4, кв. 4'),
                                                                                      ('13131313-1111-2222-3333-131313131313', 'eeeeeeee-5555-eeee-5555-eeeeeeee5555', 129999.00, 'IN_PROGRESS', 'г. Казань, ул. Баумана, д. 5, кв. 5'),
                                                                                      ('14141414-1111-2222-3333-141414141414', 'ffffffff-6666-ffff-6666-ffffffff6666', 15999.00, 'COMPLETED', 'г. Казань, пр. Победы, д. 6, кв. 6'),
                                                                                      ('15151515-1111-2222-3333-151515151515', '12121212-7777-1212-7777-121212127777', 129999.00, 'COMPLETED', 'г. Екатеринбург, ул. Малышева, д. 7, кв. 7'),
                                                                                      ('16161616-1111-2222-3333-161616161616', '13131313-8888-1313-8888-131313138888', 28999.00, 'IN_PROGRESS', 'г. Екатеринбург, пр. Ленина, д. 8, кв. 8'),
                                                                                      ('17171717-1111-2222-3333-171717171717', '14141414-9999-1414-9999-141414149999', 59999.00, 'COMPLETED', 'г. Новосибирск, ул. Красный проспект, д. 9, кв. 9');

-- Элементы заказов
INSERT INTO order_items (order_item_id, order_id, product_id, quantity, price) VALUES
                                                                                   ('aaaaaaaa-1111-aaaa-2222-aaaaaaaaaaaa', 'aaaaaaaa-1111-2222-3333-aaaaaaaaaaaa', '11111111-aaaa-1111-aaaa-111111111111', 1, 119999.00),
                                                                                   ('bbbbbbbb-1111-bbbb-2222-bbbbbbbbbbbb', 'bbbbbbbb-1111-2222-3333-bbbbbbbbbbbb', '12121212-dddd-1212-dddd-121212121212', 1, 32999.00),
                                                                                   ('cccccccc-1111-cccc-2222-cccccccccccc', 'cccccccc-1111-2222-3333-cccccccccccc', 'bbbbbbbb-eeee-bbbb-eeee-bbbbbbbbbbbb', 1, 149999.00),
                                                                                   ('dddddddd-1111-dddd-2222-dddddddddddd', 'cccccccc-1111-2222-3333-cccccccccccc', 'cccccccc-ffff-cccc-ffff-cccccccccccc', 1, 79999.00),
                                                                                   ('eeeeeeee-1111-eeee-2222-eeeeeeeeeeee', 'dddddddd-1111-2222-3333-dddddddddddd', '99999999-cccc-9999-cccc-999999999999', 1, 89999.00),
                                                                                   ('ffffffff-1111-ffff-2222-ffffffffffff', 'dddddddd-1111-2222-3333-dddddddddddd', '17171717-cccc-1717-cccc-171717171717', 1, 59999.00),
                                                                                   ('12121212-1111-1212-2222-121212121212', 'eeeeeeee-1111-2222-3333-eeeeeeeeeeee', '33333333-cccc-3333-cccc-333333333333', 1, 109999.00),
                                                                                   ('13131313-1111-1313-2222-131313131313', 'ffffffff-1111-2222-3333-ffffffffffff', 'dddddddd-aaaa-dddd-aaaa-dddddddddddd', 1, 89999.00),
                                                                                   ('14141414-1111-1414-2222-141414141414', 'ffffffff-1111-2222-3333-ffffffffffff', '19191919-eeee-1919-eeee-191919191919', 1, 7999.00),
                                                                                   ('15151515-1111-1515-2222-151515151515', '12121212-1111-2222-3333-121212121212', 'aaaaaaaa-dddd-aaaa-dddd-aaaaaaaaaaaa', 1, 129999.00),
                                                                                   ('16161616-1111-1616-2222-161616161616', '13131313-1111-2222-3333-131313131313', '55555555-eeee-5555-eeee-555555555555', 2, 28999.00),
                                                                                   ('17171717-1111-1717-2222-171717171717', '14141414-1111-2222-3333-141414141414', '14141414-ffff-1414-ffff-141414141414', 1, 15999.00),
                                                                                   ('18181818-1111-1818-2222-181818181818', '15151515-1111-2222-3333-151515151515', '99999999-cccc-9999-cccc-999999999999', 1, 89999.00),
                                                                                   ('19191919-1111-1919-2222-191919191919', '15151515-1111-2222-3333-151515151515', '17171717-cccc-1717-cccc-171717171717', 1, 59999.00),
                                                                                   ('20202020-1111-2020-2222-202020202020', '16161616-1111-2222-3333-161616161616', '55555555-eeee-5555-eeee-555555555555', 1, 28999.00),
                                                                                   ('21212121-1111-2121-2222-212121212121', '17171717-1111-2222-3333-171717171717', 'eeeeeeee-bbbb-eeee-bbbb-eeeeeeeeeeee', 1, 54999.00);

-- Добавляем еще один заказ с несколькими товарами
INSERT INTO orders (order_id, customer_id, total_price, status, shipping_address) VALUES
    ('18181818-1111-2222-3333-181818181818', '15151515-0000-1515-0000-151515150000', 109998.00, 'IN_PROGRESS', 'г. Новосибирск, ул. Советская, д. 10, кв. 10');

INSERT INTO order_items (order_item_id, order_id, product_id, quantity, price) VALUES
                                                                                   ('22222222-1111-2222-2222-222222222222', '18181818-1111-2222-3333-181818181818', '77777777-aaaa-7777-aaaa-777777777777', 2, 17999.00),
                                                                                   ('23232323-1111-2323-2222-232323232323', '18181818-1111-2222-3333-181818181818', '20202020-ffff-2020-ffff-202020202020', 1, 59999.00),
                                                                                   ('24242424-1111-2424-2222-242424242424', '18181818-1111-2222-3333-181818181818', '13131313-eeee-1313-eeee-131313131313', 1, 24999.00);